,Temp,Lat,Humidity,Clouds,Wind,abs_Lat
"chumikan,ru",59.89,54.72,72,0,7.67,54.72
"pisco,pe",64.57,-13.71,85,64,4.76,13.71
"nome,us",89.56,30.04,41,1,8.05,30.04
"saint-philippe,re",67.89,-21.36,68,0,3.36,21.36
"busselton,au",57.64,-33.64,100,80,26.24,33.64
"kapaa,us",85.3,22.08,74,90,19.46,22.08
"bredasdorp,za",48.2,-34.53,87,0,6.93,34.53
"onverwacht,sr",75.2,5.59,94,40,3.36,5.59
"butaritari,ki",84.37,3.07,100,80,8.57,3.07
"rikitea,pf",76.63,-23.12,93,0,20.42,23.12
"vila velha,br",78.8,-3.71,83,75,10.29,3.71
"albany,au",47.83,-35.02,94,92,15.5,35.02
"tuktoyaktuk,ca",50.0,69.44,76,75,6.93,69.44
"hilo,us",78.35,19.71,69,90,10.29,19.71
"dikson,ru",37.66,73.51,100,88,22.77,73.51
"guayaramerin,bo",76.09,-10.82,75,0,2.98,10.82
"los llanos de aridane,es",73.4,28.66,78,48,16.11,28.66
"atuona,pf",78.79,-9.8,100,76,18.75,9.8
"ushuaia,ar",37.4,-54.81,93,90,11.41,54.81
"kodinsk,ru",54.49,58.6,85,48,3.09,58.6
"katsuura,jp",82.4,33.93,83,20,2.24,33.93
"vaini,to",77.0,-21.2,53,20,16.11,21.2
"sao joao da barra,br",71.05,-21.64,100,88,10.36,21.64
"srednekolymsk,ru",66.46,67.46,70,8,3.87,67.46
"thinadhoo,mv",83.83,0.53,100,76,8.23,0.53
"chapais,ca",66.2,49.78,72,90,6.93,49.78
"jamestown,sh",67.9,-15.94,100,80,13.04,15.94
"anadyr,ru",60.8,64.73,82,75,13.42,64.73
"charters towers,au",63.85,-20.07,90,0,5.21,20.07
"yellowknife,ca",71.6,62.45,46,75,13.87,62.45
"puerto ayora,ec",71.59,-0.74,97,0,15.28,0.74
"zhigansk,ru",62.68,66.77,74,24,3.65,66.77
"nenjiang,cn",70.51,49.17,88,64,5.66,49.17
"pevek,ru",54.67,69.7,75,0,2.98,69.7
"keti bandar,pk",80.14,24.14,100,100,22.77,24.14
"aklavik,ca",55.4,68.22,66,90,2.24,68.22
"thompson,ca",71.6,55.74,46,40,11.41,55.74
"pyapon,mm",77.17,16.29,100,92,12.37,16.29
"cururupu,br",79.15,-1.82,81,64,6.67,1.82
"vammala,fi",68.11,61.34,100,0,4.54,61.34
"punta arenas,cl",41.0,-53.16,80,75,14.99,53.16
"orange,au",45.76,-33.28,93,0,4.43,33.28
"narsaq,gl",44.6,60.91,81,92,8.05,60.91
"port alfred,za",60.34,-33.59,93,48,14.05,33.59
"shitanjing,cn",70.33,39.23,81,56,4.99,39.23
"saint-augustin,ca",78.22,45.63,83,90,4.7,45.63
"nantucket,us",75.2,41.28,100,90,12.75,41.28
"saint george,bm",78.8,32.38,69,20,4.7,32.38
"warrnambool,au",51.7,-38.38,100,0,21.32,38.38
"westport,nz",48.73,-41.75,100,92,3.98,41.75
"bluff,nz",50.89,-46.6,95,32,20.2,46.6
"najran,sa",89.6,17.54,25,40,6.93,17.54
"prince rupert,ca",57.2,54.32,93,90,4.7,54.32
"sitka,us",89.59,37.17,40,0,7.45,37.17
"bambous virieux,mu",68.0,-20.34,88,40,5.82,20.34
"devonport,au",41.26,-41.18,90,92,3.42,41.18
"luwuk,id",77.44,-0.95,93,32,5.66,0.95
"fort nelson,ca",82.4,58.81,34,40,3.36,58.81
"la rioja,ar",46.21,-29.41,79,0,3.42,29.41
"hermanus,za",37.03,-34.42,94,20,2.42,34.42
"esperance,au",45.67,-33.86,94,92,20.76,33.86
"novaya igirma,ru",56.83,57.14,90,24,3.53,57.14
"east london,za",63.22,-33.02,100,20,23.78,33.02
"khatanga,ru",47.38,71.98,96,88,16.17,71.98
"kudahuvadhoo,mv",81.31,2.67,100,36,7.23,2.67
"mahebourg,mu",68.0,-20.41,88,40,5.82,20.41
"avarua,ck",77.0,-21.21,57,40,6.93,21.21
"hamilton,bm",78.8,32.3,69,20,4.7,32.3
"maha sarakham,th",74.53,16.19,94,40,8.05,16.19
"greymouth,nz",51.34,-42.45,100,92,10.25,42.45
"wageningen,sr",81.85,5.77,100,8,14.27,5.77
"souris,ca",78.8,46.36,61,75,5.82,46.36
"hualmay,pe",62.86,-11.1,84,44,5.44,11.1
"severo-kurilsk,ru",57.46,50.68,90,64,7.0,50.68
"kukushtan,ru",62.6,57.65,93,75,4.47,57.65
"carnarvon,za",31.18,-30.97,83,0,5.88,30.97
"bowen,au",68.0,-20.01,64,0,4.7,20.01
"xuddur,so",69.61,4.12,81,0,10.13,4.12
"new norfolk,au",41.0,-42.78,75,0,8.05,42.78
"zyryanka,ru",51.16,65.73,99,92,6.22,65.73
"beira,mz",64.4,-19.84,100,0,8.12,19.84
"vire,fr",55.4,48.84,87,0,3.36,48.84
"lompoc,us",75.61,34.64,64,1,17.22,34.64
"arraial do cabo,br",68.0,-22.97,82,75,6.93,22.97
"akureyri,is",50.0,65.68,81,40,3.36,65.68
"taoudenni,ml",89.05,22.68,15,0,10.8,22.68
"qaanaaq,gl",39.37,77.48,89,0,3.76,77.48
"pilar,ph",77.71,17.42,90,32,3.42,17.42
"canutama,br",77.8,-6.53,93,36,2.42,6.53
"torquay,au",65.56,-25.28,97,0,6.55,25.28
"oktyabrskoye,ru",44.41,56.73,87,12,2.42,56.73
"saskylakh,ru",50.17,71.97,77,0,11.92,71.97
"ribeira grande,pt",75.19,38.52,98,8,3.76,38.52
"tura,ru",45.67,64.27,100,92,2.3,64.27
"aguilares,sv",83.62,13.96,62,90,20.8,13.96
"mehamn,no",66.2,71.03,77,0,4.7,71.03
"khasan,ru",77.53,42.43,79,0,3.09,42.43
"natal,br",77.0,-5.81,78,20,8.05,5.81
"zemio,cf",66.19,5.02,96,32,2.64,5.02
"kavaratti,in",80.41,10.57,100,48,12.15,10.57
"camacha,pt",69.8,33.08,64,75,13.87,33.08
"tala,eg",71.23,30.68,95,0,2.86,30.68
"green river,us",80.6,41.53,19,75,18.34,41.53
"nhulunbuy,au",77.0,-12.18,78,0,6.93,12.18
"nizwa,om",81.04,22.93,34,0,4.65,22.93
"mar del plata,ar",39.46,-46.43,82,0,5.99,46.43
"lasem,id",73.4,-6.99,88,20,2.24,6.99
"conde,br",74.65,-11.81,86,92,7.67,11.81
"hasaki,jp",86.88,35.73,66,75,2.24,35.73
"inhambane,mz",69.16,-23.87,87,0,15.5,23.87
"rawson,ar",37.75,-43.3,72,0,7.0,43.3
"vila franca do campo,pt",69.8,37.72,83,20,3.36,37.72
"hithadhoo,mv",83.2,-0.6,100,92,9.46,0.6
"samarai,pg",78.16,-10.62,100,92,12.71,10.62
"guadix,es",75.2,37.3,44,0,1.63,37.3
"kyshtovka,ru",43.96,56.56,79,0,5.21,56.56
"noshiro,jp",78.06,40.21,78,75,3.36,40.21
"cidreira,br",48.91,-30.17,87,0,9.46,30.17
"bethel,us",51.8,60.79,100,90,18.34,60.79
"cape town,za",41.0,-33.93,93,0,3.36,33.93
"barrow,us",81.59,39.51,61,1,3.36,39.51
"ponta do sol,cv",74.74,17.2,100,0,12.03,17.2
"crotone,it",80.5,39.09,98,0,11.25,39.09
"hobart,au",41.0,-42.88,75,0,8.05,42.88
"poum,nc",73.03,-20.23,100,0,8.01,20.23
"provideniya,ru",53.6,64.42,87,90,6.71,64.42
"ystad,se",64.53,55.43,88,0,9.17,55.43
"santiago del estero,ar",53.77,-27.8,57,12,8.79,27.8
"pontianak,id",73.4,-0.02,100,40,3.36,0.02
"lorengau,pg",84.64,-2.02,96,24,8.34,2.02
"ormara,pk",79.51,25.21,95,92,10.36,25.21
"katherine,au",77.0,-14.47,57,0,8.05,14.47
"cherskiy,ru",58.81,68.75,54,8,4.32,68.75
"kodiak,us",87.8,39.95,33,1,10.29,39.95
"chuy,uy",44.77,-33.69,89,88,7.45,33.69
"chokurdakh,ru",46.66,70.62,100,88,5.55,70.62
"ginir,et",63.13,7.14,69,20,6.22,7.14
"sokoto,ng",78.97,13.06,78,32,7.56,13.06
"port elizabeth,za",55.4,-33.92,87,0,16.11,33.92
"tasiilaq,gl",44.6,65.61,87,64,8.05,65.61
"coahuayana,mx",76.36,18.62,77,8,2.42,18.62
"soria,es",60.34,41.76,89,0,2.19,41.76
"haines junction,ca",72.31,60.75,34,0,3.09,60.75
"tirnavos,gr",68.89,39.74,91,20,1.19,39.74
"sovetskiy,ru",61.51,56.76,80,0,6.67,56.76
"ruzomberok,sk",63.12,49.07,88,20,2.19,49.07
"griffith,au",50.26,-34.29,88,0,9.24,34.29
"carnarvon,au",64.3,-24.87,88,32,22.77,24.87
"wilhelmsburg,at",64.93,48.11,96,0,1.63,48.11
"ancud,cl",42.61,-41.87,97,48,1.74,41.87
"pangoa,pe",64.57,-12.12,97,80,1.41,12.12
"bridlington,gb",65.19,54.08,77,80,6.93,54.08
"baryatino,ru",58.45,54.31,90,0,2.42,54.31
"minyar,ru",55.66,55.07,88,32,2.42,55.07
"rio cuarto,ar",48.01,-33.13,54,12,12.37,33.13
"castro,cl",40.09,-42.48,100,36,2.64,42.48
"bajil,ye",80.59,15.06,61,0,3.76,15.06
"rajpipla,in",76.99,21.87,96,56,10.25,21.87
"tatui,br",54.31,-23.36,95,36,12.48,23.36
"lebu,cl",49.99,-37.62,100,0,14.38,37.62
"alofi,nu",78.8,-19.06,69,40,2.24,19.06
"mengcheng,cn",86.26,33.26,85,0,5.44,33.26
"cap malheureux,mu",68.0,-19.98,88,40,5.82,19.98
"georgetown,sh",74.83,-7.93,100,92,16.17,7.93
"saldanha,za",44.6,-33.01,87,8,2.24,33.01
"shimoda,jp",82.4,34.7,88,40,9.17,34.7
"aykhal,ru",54.4,65.95,70,0,3.98,65.95
"svetlogorsk,ru",57.2,53.14,82,20,6.71,53.14
"buala,sb",82.57,-8.15,88,76,8.01,8.15
"shetpe,kz",80.59,44.14,25,32,9.46,44.14
"matara,lk",76.81,5.95,100,92,8.46,5.95
"banda aceh,id",72.76,5.56,100,0,2.86,5.56
"padang,id",78.43,-0.92,100,88,4.09,0.92
"kysyl-syr,ru",59.53,63.9,86,0,3.65,63.9
"sterling,us",82.89,39.0,69,40,9.17,39.0
"dingle,ie",62.05,52.14,98,92,15.84,52.14
"longyearbyen,sj",53.6,78.22,81,0,3.36,78.22
"margate,za",63.85,-30.86,79,12,17.52,30.86
"tuatapere,nz",46.75,-46.13,100,80,6.22,46.13
"awbari,ly",85.09,26.59,23,12,7.34,26.59
"pavlogradka,ru",56.29,54.2,84,48,6.11,54.2
"grand gaube,mu",68.0,-20.01,88,40,5.82,20.01
"shieli,kz",61.87,44.18,71,36,3.31,44.18
"vradiyivka,ua",66.91,47.86,74,0,9.35,47.86
"nushki,pk",59.89,29.55,28,0,4.21,29.55
"ashtian,ir",65.74,34.52,36,0,4.21,34.52
"faanui,pf",77.53,-16.48,100,68,7.9,16.48
"necochea,ar",41.53,-38.55,74,0,9.46,38.55
"gravelbourg,ca",80.68,49.88,48,0,11.48,49.88
"isangel,vu",73.21,-19.55,100,0,11.25,19.55
"kungurtug,ru",51.97,50.6,90,56,2.19,50.6
"potenza,it",68.0,40.64,68,0,5.82,40.64
"portland,au",47.83,-33.35,65,0,2.98,33.35
"aasiaat,gl",41.53,68.71,100,92,12.82,68.71
"hereford,gb",59.71,52.06,82,24,9.57,52.06
"ukiah,us",95.0,39.15,8,1,6.93,39.15
"trairi,br",79.96,-3.28,98,92,19.53,3.28
"lavrentiya,ru",49.72,65.58,95,100,3.31,65.58
"khilok,ru",57.64,51.36,99,92,3.53,51.36
"havre-saint-pierre,ca",71.6,50.23,73,1,4.7,50.23
"lensk,ru",57.01,60.71,79,0,3.31,60.71
"vardo,no",72.99,70.37,60,20,17.22,70.37
"surt,ly",76.54,31.21,100,0,5.99,31.21
"scarborough,tt",77.0,11.18,88,40,17.07,11.18
"great yarmouth,gb",62.6,52.61,82,12,6.93,52.61
"sorland,no",58.63,67.67,96,0,12.26,67.67
"mezhdurechenskiy,ru",45.49,59.59,79,0,2.42,59.59
"sur,om",88.51,22.57,78,0,9.69,22.57
"arroyo,us",72.82,41.39,73,20,10.29,41.39
"hendek,tr",69.8,40.8,100,20,0.63,40.8
"paciran,id",72.67,-6.9,75,12,10.47,6.9
"bambanglipuro,id",67.81,-7.95,87,12,4.21,7.95
"humberto de campos,br",80.14,-2.6,93,20,14.16,2.6
"ingham,au",71.14,-18.65,93,0,10.47,18.65
"muros,es",64.4,42.77,93,0,5.82,42.77
"mongo,td",71.41,12.18,93,88,4.32,12.18
"ponta do sol,pt",69.8,32.67,68,40,6.93,32.67
"salalah,om",75.2,17.01,100,90,2.24,17.01
"sirari,tz",60.16,-1.23,100,12,3.87,1.23
"northam,au",44.6,-31.65,93,75,5.82,31.65
"auki,sb",80.41,-8.77,100,56,7.67,8.77
"mattru,sl",69.79,7.62,94,12,2.42,7.62
"ust-tsilma,ru",50.44,65.44,60,76,4.43,65.44
"coihaique,cl",41.41,-45.58,56,20,4.7,45.58
"mae sai,th",73.4,20.43,100,40,1.74,20.43
"tateyama,jp",89.6,36.66,59,40,2.24,36.66
"huilong,cn",80.77,31.15,81,76,7.67,31.15
"viedma,ar",35.23,-40.81,83,0,2.86,40.81
"mandiana,gn",69.07,10.62,99,92,3.98,10.62
"baykit,ru",42.97,61.68,99,44,3.98,61.68
"karratha,au",57.73,-20.74,51,0,16.28,20.74
"wakkanai,jp",75.2,45.41,78,75,6.93,45.41
"flinders,au",53.6,-34.58,87,0,8.05,34.58
"porto novo,cv",77.0,17.02,73,75,16.11,17.02
"kaitangata,nz",49.09,-46.28,90,44,8.79,46.28
"cockburn town,bs",82.84,24.03,95,80,17.74,24.03
"yantai,cn",83.47,37.53,87,0,3.65,37.53
"misratah,ly",75.91,32.38,99,0,7.67,32.38
"dubbo,au",51.8,-32.25,57,0,10.29,32.25
"ternate,id",80.41,0.8,100,80,15.39,0.8
"bom conselho,br",65.92,-9.17,98,88,9.01,9.17
"lagoa,pt",86.0,37.14,28,0,12.75,37.14
"port-gentil,ga",73.4,-0.72,88,40,5.82,0.72
"benghazi,ly",81.31,32.12,98,0,9.8,32.12
"sibolga,id",67.27,1.74,100,12,2.08,1.74
"klyuchi,ru",56.74,52.25,83,12,4.09,52.25
"krasnogorsk,ru",62.15,55.82,82,0,2.24,55.82
"goma,cd",56.83,-1.67,100,48,0.96,1.67
"pangody,ru",42.88,65.85,76,76,17.85,65.85
"dargaville,nz",58.27,-35.94,98,0,7.67,35.94
"kahului,us",84.07,20.89,55,40,26.4,20.89
"geraldton,au",53.6,-28.77,66,40,21.92,28.77
"kenora,ca",62.6,49.76,48,40,5.82,49.76
"smithers,ca",84.2,54.78,28,40,4.7,54.78
"caucaia,br",78.8,-3.73,83,75,10.29,3.73
"pimentel,pe",66.64,-6.84,83,8,4.99,6.84
"kavieng,pg",77.89,-2.57,100,88,4.99,2.57
"pestovo,ru",61.99,55.36,72,0,2.24,55.36
"sambrial,pk",77.71,32.48,87,20,5.77,32.48
"el carmen,bo",74.47,-12.59,78,0,1.74,12.59
"mount gambier,au",50.8,-37.83,83,8,11.92,37.83
"voh,nc",72.49,-20.95,97,0,7.56,20.95
"shinpokh,pk",86.0,34.33,58,1,1.12,34.33
"panji,id",74.47,-0.41,95,80,2.75,0.41
"nouadhibou,mr",69.8,20.93,77,0,16.11,20.93
"port lincoln,au",62.23,-34.72,71,76,36.86,34.72
"visnes,no",62.35,59.36,77,68,11.41,59.36
"khingansk,ru",68.44,49.12,64,36,3.2,49.12
"merauke,id",79.06,-8.49,87,76,15.5,8.49
"vao,nc",70.15,-22.67,100,80,7.56,22.67
"oktyabrskiy,ru",62.15,55.61,72,0,2.24,55.61
"kaeo,nz",59.44,-35.1,89,20,5.99,35.1
"torbay,ca",73.4,47.66,56,75,12.75,47.66
"pampas,pe",41.53,-12.4,81,92,0.85,12.4
"damaturu,ng",69.61,11.75,94,12,11.7,11.75
"boende,cd",69.43,-0.28,99,48,1.97,0.28
"gold coast,au",68.0,-28.0,52,0,11.41,28.0
"nikolskoye,ru",68.0,59.7,72,0,2.24,59.7
"georgiyevka,kz",56.2,43.04,85,20,2.42,43.04
"khandbari,np",44.59,27.38,67,76,1.86,27.38
"humboldt,ca",72.49,52.21,63,0,7.11,52.21
"egvekinot,ru",60.61,66.32,66,92,9.01,66.32
"ahipara,nz",58.09,-35.17,91,56,8.12,35.17
"lufilufi,ws",86.0,-13.87,70,75,5.82,13.87
"durban,za",68.17,-29.86,99,48,19.08,29.86
"san patricio,mx",80.59,19.22,94,48,2.42,19.22
"cangzhou,cn",86.35,38.3,80,0,4.65,38.3
"baymak,ru",54.4,52.6,86,8,4.43,52.6
"farah,af",76.09,32.37,24,0,9.8,32.37
"bubaque,gw",75.2,11.28,94,40,10.69,11.28
"allapalli,in",72.31,19.43,100,92,9.01,19.43
"linkebeek,be",66.22,50.77,68,0,3.36,50.77
"pacific grove,us",68.63,36.62,77,40,11.41,36.62
"aksarka,ru",37.21,66.56,87,48,4.21,66.56
"sao miguel do araguaia,br",72.31,-13.28,77,0,2.75,13.28
"norman wells,ca",71.6,65.28,56,20,5.82,65.28
"leningradskiy,ru",43.69,69.38,84,8,13.71,69.38
"ugoofaaru,mv",83.29,5.67,97,76,6.67,5.67
"fortuna,us",60.64,40.6,77,40,13.87,40.6
"paamiut,gl",40.27,61.99,98,92,0.85,61.99
"bull savanna,jm",79.69,17.89,79,0,3.65,17.89
"victoria,sc",77.0,-4.62,83,100,6.93,4.62
"yuzhno-kurilsk,ru",62.32,44.03,91,44,2.3,44.03
"dawei,mm",70.51,14.07,100,92,2.42,14.07
"borculo,nl",59.0,52.11,87,40,6.78,52.11
"spokane,us",91.04,47.66,10,1,12.75,47.66
"zarechnyy,ru",63.49,60.99,60,20,7.67,60.99
"urcos,pe",34.06,-13.69,89,32,2.19,13.69
"makakilo city,us",85.57,21.35,58,40,17.22,21.35
"port blair,in",82.12,11.67,100,92,22.77,11.67
"peru,us",79.38,41.33,61,1,6.93,41.33
"muncar,id",74.74,-8.43,90,88,9.91,8.43
"caarapo,br",63.31,-22.63,66,92,4.21,22.63
"inirida,co",76.99,3.87,87,12,3.2,3.87
"morondava,mg",59.08,-20.3,100,0,4.21,20.3
"alice springs,au",71.6,-23.7,11,0,21.92,23.7
"tiksi,ru",49.36,71.64,81,24,8.46,71.64
"cairns,au",75.2,-16.92,69,40,11.41,16.92
"kristiansund,no",61.61,63.12,72,92,4.7,63.12
"bathsheba,bb",80.6,13.22,74,20,20.8,13.22
"coquimbo,cl",50.0,-29.95,81,40,5.82,29.95
"pandan,ph",75.82,11.72,100,92,13.82,11.72
"lima,pe",60.52,-12.06,72,36,2.64,12.06
"mingshui,cn",79.96,22.81,90,64,4.65,22.81
"barguzin,ru",61.69,53.62,71,76,2.64,53.62
"beringovskiy,ru",52.06,63.05,98,44,5.99,63.05
"sao filipe,cv",77.17,14.9,98,0,4.43,14.9
"tres arroyos,ar",45.04,-38.38,55,8,7.9,38.38
"banjarmasin,id",73.4,-3.32,94,88,3.42,3.32
"lubao,cd",74.11,-5.39,72,24,7.45,5.39
"honningsvag,no",60.16,70.98,89,32,20.98,70.98
"tautira,pf",78.8,-17.73,78,75,8.05,17.73
"muswellbrook,au",52.69,-32.27,74,0,3.65,32.27
"palmer,us",64.17,61.6,77,90,1.63,61.6
"te anau,nz",40.27,-45.41,99,80,2.98,45.41
"cabo san lucas,mx",87.8,22.89,48,5,10.29,22.89
"karoi,zw",55.12,-16.82,56,0,7.67,16.82
"mogadishu,so",77.17,2.04,100,92,17.85,2.04
"berlevag,no",71.65,70.86,77,0,4.7,70.86
"santa rita,br",78.61,-7.13,86,92,13.04,7.13
"coolum beach,au",64.66,-26.53,89,0,4.76,26.53
"amambai,br",62.77,-23.11,70,88,3.31,23.11
"luderitz,na",50.17,-26.65,89,0,7.0,26.65
"nangong,cn",88.78,37.36,66,20,4.09,37.36
"warkworth,nz",59.0,-36.4,77,0,8.05,36.4
"provost,ca",87.16,52.35,32,12,14.94,52.35
"yulara,au",60.8,-25.24,77,75,18.34,25.24
"berdigestyakh,ru",57.19,62.1,81,12,3.76,62.1
"dickinson,us",75.2,46.88,44,1,5.21,46.88
"nanortalik,gl",40.54,60.14,100,92,13.71,60.14
"tilichiki,ru",51.34,60.47,100,88,3.76,60.47
"grindavik,is",51.8,63.84,87,75,10.29,63.84
"ahar,ir",53.77,38.48,95,0,2.19,38.48
"meulaboh,id",77.35,4.14,100,20,3.31,4.14
"yerofey pavlovich,ru",64.12,53.97,72,12,3.65,53.97
"black river,jm",84.2,18.03,79,20,12.75,18.03
"gizycko,pl",68.89,54.04,88,0,2.53,54.04
"honiara,sb",77.0,-9.43,94,75,10.29,9.43
"ust-maya,ru",55.03,60.42,87,24,6.78,60.42
"neuquen,ar",44.6,-38.95,72,0,3.31,38.95
"ialibu,pg",62.14,-6.28,91,24,1.3,6.28
"tabou,ci",77.26,4.42,100,0,9.69,4.42
"bilibino,ru",59.26,68.06,64,20,4.43,68.06
"kalmunai,lk",73.66,7.42,96,24,4.99,7.42
"college,us",61.2,64.86,72,90,12.75,64.86
"teya,ru",43.51,60.37,82,12,3.31,60.37
"mayumba,ga",68.17,-3.44,98,88,5.77,3.44
"constitucion,mx",75.2,23.99,47,75,8.05,23.99
"bulgan,mn",57.91,48.81,99,88,3.98,48.81
"steinbach,ca",62.6,49.53,51,20,3.36,49.53
"leshan,cn",70.96,29.56,100,92,4.76,29.56
"basudebpur,in",79.87,21.14,100,24,13.27,21.14
"bilma,ne",87.52,18.69,34,0,9.24,18.69
"el vigia,ve",68.0,8.62,88,75,1.63,8.62
"west bay,ky",86.0,19.37,74,20,4.7,19.37
"atar,mr",79.96,20.52,28,0,4.09,20.52
"upernavik,gl",41.17,72.79,90,36,3.65,72.79
"hofn,is",50.44,64.25,97,48,13.04,64.25
"winnemucca,us",93.73,40.97,11,64,6.11,40.97
"vostok,ru",67.72,46.45,79,0,2.75,46.45
"clarence town,bs",81.49,23.1,100,76,16.51,23.1
"pa sang,th",73.99,18.53,94,40,3.36,18.53
"kruisfontein,za",54.22,-34.0,86,20,9.35,34.0
"zapolyarnyy,ru",73.4,69.43,69,0,12.75,69.43
"havoysund,no",59.0,71.0,87,40,8.05,71.0
"mitu,co",71.68,1.2,97,0,2.19,1.2
"broome,au",75.2,-17.97,53,20,14.99,17.97
"dzaoudzi,yt",73.4,-12.79,88,0,3.36,12.79
"la asuncion,ve",74.2,11.03,100,100,17.96,11.03
"schalksmuhle,de",64.99,51.23,68,20,3.36,51.23
"tromso,no",59.0,69.65,87,75,21.92,69.65
"touros,br",78.79,-5.2,80,64,13.38,5.2
"bawku,gh",76.09,11.06,79,8,5.1,11.06
"teguldet,ru",43.87,57.31,87,36,2.42,57.31
"nevel,ru",59.53,56.02,87,0,2.75,56.02
"qeshm,ir",88.74,26.96,84,92,4.7,26.96
"zavetnoye,ru",74.56,47.12,32,76,13.04,47.12
"toul,fr",64.4,48.68,93,0,4.7,48.68
"naze,jp",78.8,28.37,88,75,26.4,28.37
"quatre cocos,mu",68.0,-20.21,88,40,5.82,20.21
"waipawa,nz",57.37,-39.94,55,0,4.09,39.94
"waterloo,sl",78.8,8.34,78,75,5.82,8.34
"fougamou,ga",69.97,-1.22,90,80,3.76,1.22
"nuuk,gl",39.2,64.17,100,92,9.17,64.17
"sobolevo,ru",57.19,54.43,83,0,2.75,54.43
"harper,lr",77.17,4.38,100,8,8.79,4.38
"coruripe,br",77.8,-10.12,93,88,12.03,10.12
"yar-sale,ru",42.88,66.83,100,64,16.06,66.83
"leeton,au",48.28,-34.55,93,0,8.79,34.55
"mount isa,au",66.2,-20.73,19,0,4.7,20.73
"sandnessjoen,no",57.2,66.02,100,8,4.7,66.02
"souillac,mu",68.0,-20.52,88,40,5.82,20.52
"niksic,me",75.24,42.77,78,0,2.24,42.77
"luang prabang,la",73.03,19.89,90,76,2.42,19.89
"iralaya,hn",84.2,15.0,74,20,5.82,15.0
"kiboga,ug",60.25,0.92,92,24,2.86,0.92
"komsomolskiy,ru",39.01,67.55,74,64,2.98,67.55
"chitral,pk",35.86,35.85,58,0,1.07,35.85
"gayeri,bf",79.96,12.65,73,20,8.12,12.65
"shenjiamen,cn",83.65,29.96,89,48,15.28,29.96
"gibara,cu",82.4,21.11,69,20,16.11,21.11
"moose factory,ca",51.8,51.26,57,20,10.29,51.26
"batagay,ru",64.57,67.65,61,12,5.44,67.65
"serra,br",68.89,-20.13,100,100,9.91,20.13
"chiredzi,zw",55.39,-21.05,45,0,4.76,21.05
"high level,ca",80.6,58.52,34,75,5.82,58.52
"udachnyy,ru",53.86,66.42,78,0,3.31,66.42
"broken hill,au",56.11,-31.97,58,0,14.94,31.97
"luganville,vu",77.44,-15.51,100,100,13.15,15.51
"kyra,ru",59.53,49.58,92,92,3.42,49.58
"nueva helvecia,uy",37.21,-34.28,72,0,7.0,34.28
"dukat,ru",48.64,62.55,98,92,3.65,62.55
"friendswood,us",91.4,29.53,34,1,5.82,29.53
"namtsy,ru",59.8,62.72,74,0,7.56,62.72
"melito di porto salvo,it",80.6,37.92,88,0,4.7,37.92
"french harbor,hn",84.2,16.35,83,20,25.28,16.35
"brae,gb",57.2,60.4,76,92,10.29,60.4
"richards bay,za",64.21,-28.77,77,36,10.02,28.77
"teguise,es",71.6,29.06,73,20,18.34,29.06
"washington,us",84.11,38.9,66,20,9.17,38.9
"guerrero negro,mx",78.43,27.97,66,36,12.48,27.97
"punta umbria,es",75.73,37.18,58,8,13.27,37.18
"kamaishi,jp",80.6,39.28,74,75,3.36,39.28
"medea,dz",73.4,36.27,88,20,3.36,36.27
"paita,pe",71.95,-5.09,69,56,8.23,5.09
"port augusta,au",68.0,-32.49,28,0,29.97,32.49
"ust-charyshskaya pristan,ru",51.88,52.39,84,0,2.75,52.39
"ixtapa,mx",87.8,20.71,79,75,11.41,20.71
"ponta delgada,pt",69.8,37.73,83,20,3.36,37.73
"oranjestad,aw",82.4,12.52,74,20,21.92,12.52
"palauig,ph",77.26,15.44,100,88,4.21,15.44
"is,ru",56.74,58.79,90,92,4.43,58.79
"darnah,ly",78.97,32.77,100,0,10.92,32.77
"ormstown,ca",77.88,45.13,74,90,13.87,45.13
"rocha,uy",37.3,-34.48,84,24,5.44,34.48
"pozo colorado,py",57.28,-23.49,62,0,8.68,23.49
"juli,pe",42.97,-16.21,85,92,1.19,16.21
"ciechocinek,pl",68.0,52.88,88,0,2.24,52.88
"destin,us",75.92,30.39,88,20,4.76,30.39
"abrau-dyurso,ru",77.0,44.7,61,8,15.66,44.7
"sunnyside,us",98.69,46.32,14,1,8.05,46.32
"bandarbeyla,so",74.47,9.49,84,0,28.25,9.49
"cabedelo,br",75.2,-6.97,83,40,5.82,6.97
"shuiji,cn",80.41,27.42,84,12,2.98,27.42
"the valley,ai",82.4,18.22,69,20,12.75,18.22
"mandalgovi,mn",68.08,45.76,81,88,8.12,45.76
"petropavlovsk-kamchatskiy,ru",57.2,53.05,100,90,8.95,53.05
"bogorodskoye,ru",60.16,52.37,73,0,9.91,52.37
"banff,ca",70.06,51.18,36,20,2.42,51.18
"manzhouli,cn",70.24,49.6,59,68,14.27,49.6
"kailua,us",85.59,21.39,66,75,12.75,21.39
"tias,es",71.6,28.96,73,20,18.34,28.96
"trincomalee,lk",78.88,8.58,80,64,14.83,8.58
"jinchang,cn",68.08,38.52,73,80,2.98,38.52
"tshikapa,cd",71.32,-6.42,76,0,3.09,6.42
"mwingi,ke",60.97,-0.93,87,32,6.22,0.93
"husavik,is",50.0,66.04,81,40,3.36,66.04
"klaksvik,fo",51.8,62.23,93,92,13.87,62.23
"saint-francois,gp",78.8,16.25,78,20,4.7,16.25
"ouadda,cf",67.99,8.07,96,32,4.09,8.07
"luanda,ao",66.2,-8.83,93,20,9.17,8.83
"iqaluit,ca",46.4,63.75,75,40,9.17,63.75
"shymkent,kz",71.6,42.31,53,90,6.71,42.31
"fria,gn",74.11,10.36,96,88,3.2,10.36
"varnamo,se",67.06,57.19,94,0,2.24,57.19
"port macquarie,au",59.0,-31.43,54,40,8.05,31.43
"fukue,jp",86.0,35.03,74,40,6.93,35.03
"verdun,fr",64.4,49.16,88,0,4.7,49.16
"ambilobe,mg",62.59,-13.19,94,0,3.42,13.19
"juneau,us",66.78,58.3,60,75,10.29,58.3
"pangnirtung,ca",41.17,66.15,89,92,14.72,66.15
"umba,ru",67.36,66.69,79,0,4.43,66.69
"caravelas,br",74.83,-17.73,100,76,3.65,17.73
"soyo,ao",63.04,-6.13,98,24,4.21,6.13
"eenhana,na",57.19,-17.48,43,0,7.78,17.48
"cleethorpes,gb",62.83,53.56,77,64,6.93,53.56
"tyukhtet,ru",47.74,56.54,98,56,2.98,56.54
"ulladulla,au",53.6,-35.36,87,0,8.05,35.36
"atasu,kz",64.66,48.68,56,80,14.5,48.68
"carora,ve",76.63,10.17,73,64,4.54,10.17
"narrabri,au",54.94,-30.33,64,0,4.43,30.33
"bud,no",62.02,62.91,82,48,8.05,62.91
"severnyy-kospashskiy,ru",56.65,59.09,97,20,7.45,59.09
"maceio,br",69.8,-9.67,94,0,2.24,9.67
"impfondo,cg",69.79,1.64,99,92,2.42,1.64
"kingman,us",109.74,35.19,19,1,12.75,35.19
"bela pod bezdezem,cz",74.55,50.5,64,0,3.36,50.5
"grants,us",87.8,35.15,16,1,10.29,35.15
"namatanai,pg",78.07,-3.66,100,48,4.65,3.66
"arlit,ne",82.39,18.74,36,0,7.78,18.74
"urusha,ru",64.93,54.05,70,0,4.09,54.05
"namibe,ao",64.03,-15.19,100,0,10.47,15.19
"basar,in",77.0,27.98,94,90,11.41,27.98
"zimovniki,ru",76.63,47.15,38,64,10.58,47.15
"gornyy,ru",60.34,51.76,79,0,7.56,51.76
"sladkovo,ru",46.21,55.53,77,0,4.76,55.53
"avenal,us",100.36,36.0,18,40,11.41,36.0
"kaman,tr",63.22,39.36,75,0,3.98,39.36
"show low,us",85.03,34.25,31,20,9.17,34.25
"dudinka,ru",42.43,69.41,70,88,20.76,69.41
"byron bay,au",68.0,-28.65,52,0,11.41,28.65
"moron,mn",70.24,47.38,92,56,4.54,47.38
"sarankhola,bd",77.35,22.31,100,48,4.65,22.31
"kendari,id",75.82,-3.99,79,8,3.2,3.99
"am timan,td",71.14,11.04,97,76,6.22,11.04
"miles city,us",87.8,46.41,33,1,10.29,46.41
"hobyo,so",73.12,5.35,88,0,20.31,5.35
"mao,td",78.52,14.12,72,44,12.48,14.12
"amahai,id",79.96,-3.31,100,68,12.82,3.31
"orangeburg,us",80.35,33.49,78,1,8.05,33.49
"sorong,id",73.21,-0.86,100,92,9.01,0.86
"sayyan,ye",56.74,15.17,32,0,3.76,15.17
"rongcheng,cn",86.71,37.16,81,0,3.53,37.16
"santa isabel do rio negro,br",77.35,-0.41,94,0,4.43,0.41
"omboue,ga",73.03,-1.57,100,80,10.58,1.57
"pauini,br",75.19,-7.71,93,0,2.64,7.71
"clyde river,ca",34.24,70.47,93,92,3.09,70.47
"portel,br",75.28,-1.94,95,44,5.99,1.94
"teshie,gh",75.2,5.58,88,20,12.75,5.58
"saint-pierre,re",67.82,-21.34,68,0,3.36,21.34
"harihar,in",69.88,14.52,97,92,9.8,14.52
"halifax,ca",69.8,44.65,60,40,5.82,44.65
"kalemie,cd",74.02,-5.95,99,32,7.9,5.95
"adrar,dz",93.2,27.87,21,40,20.8,27.87
"urrao,co",71.6,6.32,64,40,8.05,6.32
"shingu,jp",84.2,33.72,79,20,1.12,33.72
"mutoko,zw",47.11,-17.4,78,0,2.3,17.4
"caboolture,au",63.32,-27.08,48,20,13.87,27.08
"fairbanks,us",61.2,64.84,72,90,12.75,64.84
"khromtau,kz",59.71,50.26,72,8,6.78,50.26
"ise,jp",86.0,34.5,74,40,6.93,34.5
"ko samui,th",80.6,9.54,83,20,3.36,9.54
"rovaniemi,fi",66.2,66.5,100,75,11.41,66.5
"buchanan,lr",71.6,5.88,94,40,6.22,5.88
"martapura,id",73.4,-3.41,94,88,3.42,3.41
"dongsheng,cn",83.83,29.72,94,0,4.43,29.72
"hami,cn",72.31,42.84,76,92,4.65,42.84
"nemuro,jp",75.2,43.32,60,40,2.24,43.32
"masvingo,zw",47.92,-20.08,49,0,3.98,20.08
"kaseda,jp",80.6,31.42,78,75,10.29,31.42
"horsham,au",47.92,-36.71,94,0,15.5,36.71
"paris,us",79.41,36.3,65,1,3.53,36.3
"verkh-usugli,ru",61.06,52.7,82,88,3.42,52.7
"merrill,us",89.6,42.03,11,1,13.87,42.03
"paisley,ca",69.8,44.3,88,90,6.93,44.3
"porbandar,in",80.23,21.64,88,92,17.74,21.64
"yabrud,sy",69.8,33.97,73,0,17.22,33.97
"wattegama,lk",70.87,7.35,95,68,3.76,7.35
"palimbang,ph",79.41,14.9,94,75,4.7,14.9
"shaowu,cn",80.32,27.34,78,0,1.52,27.34
"walvis bay,na",54.67,-22.95,100,0,9.8,22.95
"havelock,us",82.18,34.88,94,1,6.93,34.88
"motygino,ru",53.23,58.18,96,8,3.2,58.18
"cerritos,mx",75.2,20.89,38,75,19.46,20.89
"pryazha,ru",60.8,61.69,82,0,5.44,61.69
"astara,az",78.8,38.42,78,40,2.24,38.42
"tyazhinskiy,ru",45.4,56.11,90,48,2.42,56.11
"zunyi,cn",72.58,27.73,92,32,5.66,27.73
"zahnitkiv,ua",65.83,48.04,81,0,6.89,48.04
"chunhuhub,mx",85.27,19.59,63,56,5.44,19.59
"port moresby,pg",82.4,-9.47,88,40,6.93,9.47
"sioux lookout,ca",59.76,50.1,51,40,4.7,50.1
"gamba,ga",69.7,-2.72,100,76,8.68,2.72
"qena,eg",89.6,26.16,29,0,2.75,26.16
"osoyoos,ca",96.08,49.03,18,75,4.7,49.03
"salisbury,us",82.42,38.37,78,1,8.05,38.37
"vega de alatorre,mx",79.69,20.03,86,48,4.09,20.03
"makarov,ru",65.56,48.62,85,0,5.77,48.62
"port hardy,ca",60.8,50.7,82,75,10.29,50.7
"punta alta,ar",57.2,-27.46,62,0,4.7,27.46
"castelo do piaui,br",81.31,-5.32,53,0,7.34,5.32
"iquique,cl",59.0,-20.22,72,90,9.17,20.22
"jiaocheng,cn",78.07,24.68,92,76,2.53,24.68
"yagodnoye,ru",48.55,62.52,100,92,2.75,62.52
"mackenzie,ca",71.6,55.34,60,20,8.05,55.34
"ambulu,id",73.93,-8.35,100,100,6.78,8.35
"ballina,au",62.59,-28.87,100,0,8.12,28.87
"huadian,cn",73.75,42.97,75,0,3.42,42.97
"socorro,us",94.41,31.65,21,1,4.54,31.65
"callaway,us",60.8,46.98,72,90,5.82,46.98
"hervey bay,au",65.56,-25.3,97,0,6.55,25.3
"chingirlau,kz",59.26,51.09,81,0,2.75,51.09
"hanting,cn",84.37,30.92,85,0,4.99,30.92
"san luis,mx",96.93,32.49,23,1,10.29,32.49
"lamu,ke",76.63,-2.27,87,92,13.38,2.27
"pinega,ru",62.23,64.7,92,20,2.42,64.7
"daru,pg",76.81,-9.07,100,92,11.59,9.07
"korla,cn",59.44,41.76,96,0,0.74,41.76
"zhangye,cn",67.63,38.94,85,88,4.65,38.94
"menongue,ao",54.22,-14.66,64,0,2.75,14.66
"frontera,mx",71.6,18.53,100,90,19.46,18.53
"mizdah,ly",77.71,31.45,43,0,10.25,31.45
"cranbrook,ca",89.35,49.51,18,75,16.11,49.51
"drochia,md",67.09,48.03,81,8,3.76,48.03
"kouango,cf",66.46,4.99,98,88,2.98,4.99
"saint-pierre,pm",64.4,46.77,88,0,11.41,46.77
"ilhabela,br",63.22,-23.78,100,92,11.48,23.78
"hammerfest,no",59.0,70.66,87,40,8.05,70.66
"emilio carranza,mx",79.69,19.97,86,48,4.09,19.97
"okitipupa,ng",73.84,6.5,90,80,2.98,6.5
"atherton,au",75.2,-17.27,69,40,11.41,17.27
"el tigre,ve",72.49,8.89,95,76,5.1,8.89
"dunedin,nz",46.93,-45.87,90,32,3.65,45.87
"chioggia,it",82.0,45.22,69,20,8.05,45.22
"vestmannaeyjar,is",50.35,63.44,96,24,8.01,63.44
"asyut,eg",87.8,27.18,43,0,2.53,27.18
"shipitsyno,ru",64.75,61.28,79,8,5.44,61.28
"hovd,mn",56.02,48.01,88,24,3.87,48.01
"okhotsk,ru",60.52,59.36,87,68,4.54,59.36
"magadan,ru",62.6,59.56,77,90,6.71,59.56
"bahia blanca,ar",43.24,-38.72,80,0,1.74,38.72
"tehachapi,us",98.65,35.13,21,1,18.34,35.13
"ostrovnoy,ru",69.16,68.05,85,36,10.25,68.05
"higueron,mx",81.94,18.58,52,12,3.42,18.58
"ampanihy,mg",48.01,-24.69,85,0,2.75,24.69
"barcelos,br",77.53,-0.97,90,0,3.87,0.97
"apatou,gf",77.17,5.16,91,24,3.65,5.16
"melita,ca",66.46,49.27,76,0,3.42,49.27
"vilhena,br",75.2,-12.74,78,75,5.82,12.74
"arman,ru",62.6,59.7,77,90,6.71,59.7
"adre,td",66.73,13.47,99,80,6.22,13.47
"paragould,us",82.83,36.06,58,1,4.7,36.06
"eldorado,mx",95.0,24.32,56,75,13.87,24.32
"giresun,tr",62.59,40.91,100,76,1.63,40.91
"olinda,br",66.54,-22.82,88,75,6.93,22.82
"maidstone,gb",61.25,51.27,77,0,8.05,51.27
"arcata,us",60.89,40.87,82,90,11.41,40.87
"hosdurga,in",69.43,13.8,87,32,10.69,13.8
"fandriana,mg",51.97,-20.24,100,64,2.42,20.24
"vysokogornyy,ru",62.23,50.1,56,0,7.23,50.1
"itupiranga,br",82.4,-5.13,69,0,4.7,5.13
"boo,se",73.4,59.33,100,48,4.7,59.33
"gorom-gorom,bf",71.77,14.45,96,80,3.31,14.45
"hay river,ca",75.2,60.82,53,75,5.82,60.82
"elizabeth city,us",80.76,36.3,78,1,6.93,36.3
"jijiga,et",60.43,9.35,94,92,2.98,9.35
"frontignan,fr",76.35,43.45,61,0,5.82,43.45
"buraydah,sa",86.0,26.33,28,0,6.93,26.33
"makubetsu,jp",71.6,42.84,68,75,1.12,42.84
"santa cruz,cr",80.6,10.26,88,75,2.24,10.26
"markova,ru",57.2,52.21,93,0,4.47,52.21
"kupang,id",78.8,-10.16,65,20,3.36,10.16
"dandong,cn",86.62,40.12,66,8,3.65,40.12
"barabinsk,ru",46.3,55.35,89,8,9.46,55.35
"geraldton,ca",53.6,49.72,76,90,6.93,49.72
"talakan,ru",69.07,50.29,74,36,4.65,50.29
"talnakh,ru",42.61,69.49,79,44,14.61,69.49
"fenoarivo atsinanana,mg",65.38,-17.38,100,88,2.19,17.38
"ilulissat,gl",41.0,69.22,86,75,8.05,69.22
"enshi,cn",74.29,30.29,86,68,3.31,30.29
"kurilsk,ru",58.81,45.23,93,36,8.01,45.23
"half moon bay,us",72.86,37.46,87,90,12.75,37.46
"kargil,in",30.19,34.57,98,80,1.74,34.57
"opuwo,na",47.56,-18.06,56,0,3.76,18.06
"sarangani,ph",75.64,5.4,100,92,12.82,5.4
"amapa,br",84.73,-1.83,58,12,4.32,1.83
"hirara,jp",84.2,24.8,83,75,13.87,24.8
"luancheng,cn",84.2,37.88,89,0,4.47,37.88
"jizan,sa",89.6,16.89,62,75,5.82,16.89
"ankola,in",70.96,14.67,100,92,2.86,14.67
"hazorasp,uz",71.6,41.32,49,0,6.93,41.32
"cap-aux-meules,ca",73.4,47.38,78,75,12.75,47.38
"antofagasta,cl",55.4,-23.65,71,75,11.41,23.65
"lukulu,zm",52.42,-14.38,59,0,3.09,14.38
"ossora,ru",52.96,59.24,100,92,9.69,59.24
"chivolo,co",83.11,10.03,78,56,3.76,10.03
"baruun-urt,mn",77.44,46.68,69,48,12.93,46.68
"kokkola,fi",64.4,63.84,93,0,3.36,63.84
"fuyang,cn",86.44,32.89,86,0,4.76,32.89
"heerde,nl",59.0,52.39,87,40,6.11,52.39
"asekeyevo,ru",57.46,53.57,81,0,2.75,53.57
"lodja,cd",69.16,-3.52,96,88,2.75,3.52
"zhezkazgan,kz",66.37,47.8,56,36,15.28,47.8
"victoria point,au",64.99,-27.58,48,20,13.87,27.58
"mbandaka,cd",73.84,0.05,93,80,3.42,0.05
"quesnel,ca",62.6,52.98,88,90,9.17,52.98
"kargasok,ru",43.24,59.06,73,0,4.43,59.06
"barranca,pe",62.77,-10.75,100,80,10.58,10.75
"muzhi,ru",38.11,65.4,84,48,3.2,65.4
"aswan,eg",91.4,24.09,21,0,5.82,24.09
"coos bay,us",61.56,43.37,77,90,11.41,43.37
"deputatskiy,ru",53.14,69.3,67,0,3.98,69.3
"nizhniy odes,ru",44.95,63.64,86,64,2.42,63.64
"kodinar,in",76.0,20.79,97,92,10.47,20.79
"chapadinha,br",73.66,-3.74,90,0,5.21,3.74
"boulder,us",79.5,40.02,38,1,5.88,40.02
"beloha,mg",50.8,-25.17,79,0,4.09,25.17
"kabinda,cd",70.06,-6.14,69,20,3.53,6.14
"wanning,cn",82.93,18.8,96,0,7.9,18.8
"redding,us",99.43,40.59,21,75,11.41,40.59
"dalmeny,ca",80.6,52.34,34,40,16.11,52.34
"gbarnga,lr",72.13,7.0,84,56,7.78,7.0
"erzin,ru",55.66,50.26,79,20,2.53,50.26
"stephenville,ca",66.2,48.55,93,75,3.36,48.55
"capitao poco,br",76.63,-1.75,88,48,6.22,1.75
"kieta,pg",78.16,-6.22,100,92,3.09,6.22
"sambava,mg",71.5,-14.27,100,48,9.46,14.27
"anloga,gh",77.0,5.79,88,20,13.87,5.79
"burnie,au",53.77,-41.05,96,88,16.51,41.05
"san cristobal,ec",61.51,-1.02,100,80,2.19,1.02
"roald,no",61.56,62.58,82,80,9.17,62.58
"nortelandia,br",67.81,-14.45,79,0,5.66,14.45
"townsville,au",73.4,-19.26,56,20,10.29,19.26
"kangaatsiaq,gl",40.99,68.31,99,92,20.31,68.31
"zharkent,kz",59.17,44.17,49,92,3.42,44.17
"jocotan,gt",73.21,14.82,93,48,2.08,14.82
"pitimbu,br",75.2,-7.47,83,40,5.82,7.47
"strezhevoy,ru",44.6,60.73,87,90,4.47,60.73
"davila,ph",80.6,18.47,88,20,2.24,18.47
"batagay-alyta,ru",60.7,67.8,67,0,4.09,67.8
"casoria,it",78.04,40.9,69,0,2.24,40.9
"bosaso,so",87.97,11.28,86,24,7.34,11.28
"navirai,br",64.84,-23.07,67,76,3.98,23.07
"wilmington,us",82.2,39.75,74,1,11.41,39.75
"monteagudo,bo",64.4,-19.8,45,100,2.3,19.8
"leeds,gb",65.64,53.8,63,0,5.82,53.8
"cohoes,us",73.74,42.77,83,75,4.7,42.77
"alexander city,us",73.4,32.94,100,90,3.65,32.94
"flin flon,ca",71.6,54.77,56,75,14.99,54.77
"nishihara,jp",88.14,35.74,59,1,4.54,35.74
"ozieri,it",76.12,40.59,64,0,1.12,40.59
"ribeira brava,pt",69.8,32.65,68,40,6.93,32.65
"sangueya,gn",75.19,10.7,93,92,3.87,10.7
"mount pleasant,us",79.99,32.79,83,40,9.17,32.79
"skhisma,gr",78.8,35.27,83,0,12.75,35.27
"sinazongwe,zm",57.91,-17.26,88,0,2.64,17.26
"general roca,ar",44.6,-39.03,72,0,3.31,39.03
"bin qirdan,tn",71.32,33.14,93,0,3.98,33.14
"mitsamiouli,km",71.6,-11.38,83,20,4.7,11.38
"nalut,ly",71.95,31.86,56,0,5.88,31.86
"bonoua,ci",75.2,5.27,88,20,4.7,5.27
"zheleznodorozhnyy,ru",62.15,55.75,72,0,2.24,55.75
"colac,au",48.37,-38.34,91,0,7.45,38.34
"san jeronimo,mx",107.6,29.37,26,20,9.17,29.37
"lingao,cn",82.03,19.91,92,8,7.23,19.91
"bremerton,us",82.42,38.4,78,1,8.05,38.4
"lunenburg,ca",67.63,44.38,78,8,10.02,44.38
"bellmead,us",94.41,31.59,17,5,12.75,31.59
"plettenberg bay,za",56.65,-34.05,100,88,5.77,34.05
"hudson bay,ca",69.52,52.86,58,0,4.43,52.86
"kaka,tm",57.46,37.35,72,0,2.42,37.35
"yarada,in",78.7,17.65,100,76,25.9,17.65
"huaihua,cn",74.29,27.56,96,88,2.98,27.56
"edd,er",80.41,13.93,55,32,3.31,13.93
"villamartin,es",82.65,36.86,24,0,2.24,36.86
"pahrump,us",103.66,36.21,14,1,8.05,36.21
"calama,cl",59.0,-22.46,5,0,11.41,22.46
"marawi,sd",82.21,18.48,60,36,4.65,18.48
"seoul,kr",88.12,37.57,55,0,10.29,37.57
"tessalit,ml",81.04,20.2,46,48,0.96,20.2
"kalevala,ru",71.41,65.2,66,8,4.43,65.2
"newport,us",77.27,41.49,94,90,11.41,41.49
"belyy yar,ru",57.2,53.6,82,0,3.98,53.6
"kiunga,pg",73.57,-6.12,99,92,2.75,6.12
"kirishi,ru",62.5,59.45,87,0,2.64,59.45
"ipixuna,br",75.2,-1.76,94,75,9.17,1.76
"atambua,id",75.01,-9.11,100,0,6.22,9.11
"dhidhdhoo,mv",81.13,6.88,100,24,7.78,6.88
"magistralnyy,ru",60.61,56.17,79,20,3.31,56.17
"la ronge,ca",69.8,55.1,64,90,5.82,55.1
"novyy urengoy,ru",44.59,66.08,95,100,20.65,66.08
"beloye,ru",59.35,54.58,80,0,3.76,54.58
"vangaindrano,mg",59.98,-23.35,96,8,3.98,23.35
"savelugu,gh",77.62,9.63,76,0,2.86,9.63
"alto araguaia,br",74.56,-17.32,46,0,6.78,17.32
"constitucion,cl",47.02,-35.33,98,0,7.34,35.33
"olot,uz",74.37,39.42,43,0,4.7,39.42
"lengshuitan,cn",80.23,26.41,92,8,3.98,26.41
"draguseni,ro",66.19,45.97,81,0,7.23,45.97
"kamenka,ru",58.36,53.19,76,0,4.88,53.19
"talaya,ru",47.56,55.79,92,100,3.87,55.79
"ankang,cn",76.81,32.73,83,32,2.53,32.73
"tigil,ru",64.84,57.8,84,68,8.46,57.8
"linxia,cn",57.46,35.6,99,92,3.09,35.6
"salinas,ec",53.6,0.49,81,40,9.17,0.49
"nizhniy kuranakh,ru",52.06,58.84,88,68,3.87,58.84
"kaohsiung,tw",80.44,22.62,83,75,4.7,22.62
"ahuimanu,us",85.59,21.44,58,40,17.22,21.44
"osypenko,ua",69.8,48.04,64,0,13.42,48.04
"nikita,ua",78.88,44.52,80,0,12.37,44.52
"sandpoint,us",90.25,48.28,15,1,5.82,48.28
"high prairie,ca",75.91,55.43,63,24,3.76,55.43
"kattivakkam,in",84.2,13.22,70,40,6.93,13.22
"izvestkovyy,ru",68.44,48.98,64,36,3.2,48.98
"hastings,sl",78.8,8.39,78,75,5.82,8.39
"felanitx,es",75.2,39.47,88,0,3.36,39.47
"pokhara,np",60.07,28.21,80,64,2.75,28.21
"santa cruz,us",72.05,36.97,64,1,10.29,36.97
"kulhudhuffushi,mv",81.13,6.62,100,24,7.78,6.62
"sabha,ly",81.67,27.03,28,0,10.69,27.03
"santa rosa,ar",43.24,-36.62,73,0,5.1,36.62
"turukhansk,ru",41.71,65.8,91,0,8.68,65.8
"loanda,br",66.46,-22.93,76,92,7.0,22.93
"sivaki,ru",66.37,52.63,73,48,3.87,52.63
"nouakchott,mr",78.52,18.08,100,12,17.74,18.08
"nyurba,ru",57.64,63.29,80,0,3.76,63.29
"hillsboro,us",77.65,39.16,69,1,3.2,39.16
"vanavara,ru",53.77,60.35,75,36,3.76,60.35
"markala,ml",71.86,13.69,96,80,10.47,13.69
"santiago,cl",51.8,-33.44,62,75,10.29,33.44
"owando,cg",71.86,-0.49,89,76,2.75,0.49
"cotonou,bj",77.0,6.37,88,20,12.75,6.37
"rehoboth,na",46.21,-23.31,42,0,7.78,23.31
"ca mau,vn",82.66,9.18,83,88,11.7,9.18
"dwarka,in",84.2,28.58,74,40,6.93,28.58
"rondonopolis,br",68.53,-16.46,77,8,2.86,16.46
"lazaro cardenas,mx",91.4,28.39,26,40,8.05,28.39
"lugovoy,ru",45.13,59.72,82,8,4.21,59.72
"banfora,bf",71.5,10.64,90,24,2.86,10.64
"bad harzburg,de",74.47,51.88,60,56,5.44,51.88
"shadegan,ir",85.1,30.65,37,0,9.17,30.65
"kerema,pg",76.72,-7.96,92,56,2.64,7.96
"bantogon,ph",72.04,6.53,95,92,3.2,6.53
"langham,ca",80.6,52.36,34,40,16.11,52.36
"camopi,gf",82.21,3.17,56,24,4.54,3.17
"balabac,ph",83.02,7.99,100,92,24.67,7.99
"miquelon,pm",64.4,47.1,88,0,11.41,47.1
"bonavista,ca",67.72,48.65,71,76,4.99,48.65
"bindki,in",73.03,26.04,99,92,3.87,26.04
"mastung,pk",54.76,29.8,56,0,4.21,29.8
"rio grande,br",47.92,-32.03,96,0,7.78,32.03
"puerto carreno,co",77.0,6.19,94,20,1.86,6.19
"sarh,td",71.6,9.14,94,20,5.44,9.14
"general macarthur,ph",81.49,11.25,92,48,9.46,11.25
"churapcha,ru",58.09,62.0,74,0,7.45,62.0
"damietta,eg",82.4,31.42,78,0,11.41,31.42
"kambove,cd",51.97,-10.88,72,0,2.53,10.88
"roscrea,ie",62.23,52.95,97,88,10.8,52.95
"sinnamary,gf",81.04,5.38,96,0,10.25,5.38
"shubarkuduk,kz",58.81,49.15,63,0,7.78,49.15
"santa isabel,mx",100.27,32.63,22,75,14.99,32.63
"imbituba,br",57.2,-28.24,67,75,5.82,28.24
"jiamusi,cn",73.57,46.81,90,0,3.98,46.81
"gawler,au",64.4,-34.6,74,0,19.46,34.6
"benguela,ao",64.12,-12.58,100,0,3.98,12.58
"manokwari,id",78.79,-0.87,100,56,3.2,0.87
"yumen,cn",68.35,40.29,56,92,8.57,40.29
"qiqihar,cn",73.21,47.35,81,0,5.88,47.35
"san andres,co",80.6,8.22,88,90,4.7,8.22
"axim,gh",76.54,4.87,100,0,10.69,4.87
"panacan,ph",82.4,7.15,78,75,3.36,7.15
"ayr,au",68.98,-19.58,88,0,9.69,19.58
"lewisville,us",91.92,33.05,24,20,5.82,33.05
"basoko,cd",69.34,1.23,100,80,3.65,1.23
"bocas del toro,pa",79.69,9.33,100,76,11.48,9.33
"ventspils,lv",64.4,57.39,88,0,1.12,57.39
"cukai,my",73.63,4.25,100,75,3.09,4.25
"toora-khem,ru",54.22,52.47,91,8,1.97,52.47
"palermo,it",77.0,38.12,88,0,5.82,38.12
